{
  "observation": {
    "mean": [
      -0.019451452419161797,
      -0.0029036966152489185,
      -0.00278458627872169,
      -0.011502910405397415
    ],
    "var": [
      0.5638725161552429,
      0.38939133286476135,
      0.007593520451337099,
      0.3286623954772949
    ],
    "count": 150000
  },
  "reward": {
    "var": [
      1150.025390625
    ],
    "count": 150000
  }
}