{
  "observation": {
    "mean": [
      -0.19217875599861145,
      -8.387152671813965,
      0.12072530388832092,
      -112.41474151611328,
      0.004733136855065823,
      -199.1289520263672
    ],
    "var": [
      1.2092264890670776,
      1922758144.0,
      4.951266288757324,
      255397822464.0,
      4.340234756469727,
      187231780864.0
    ],
    "count": 10000000
  },
  "reward": {
    "var": [
      1414.997802734375
    ],
    "count": 10000000
  }
}