{
  "observation": {
    "mean": [
      0.03593967482447624,
      -0.040076132863759995,
      0.03704163432121277,
      0.761107325553894
    ],
    "var": [
      1.217755675315857,
      1.202155590057373,
      2.849128246307373,
      23.39215660095215
    ],
    "count": 5000000
  },
  "reward": {
    "var": [
      4286.38818359375
    ],
    "count": 5000000
  }
}