{
  "observation": {
    "mean": [
      -0.5605650544166565,
      -0.02131989225745201,
      -0.03998700529336929,
      -0.12649592757225037
    ],
    "var": [
      1.4028306007385254,
      1.4080002307891846,
      2.4016120433807373,
      8.841621398925781
    ],
    "count": 10000000
  },
  "reward": {
    "var": [
      5440.48193359375
    ],
    "count": 10000000
  }
}