{
  "observation": {
    "mean": [
      -0.10210433602333069,
      -0.03323187306523323,
      -0.011778945103287697,
      -0.03661695867776871
    ],
    "var": [
      0.3016211688518524,
      0.8915215730667114,
      0.17629897594451904,
      2.308361291885376
    ],
    "count": 150000
  },
  "reward": {
    "var": [
      1036.5982666015625
    ],
    "count": 150000
  }
}