{
  "mean": [
    1.8477829969675483,
    -0.011744860572220376,
    0.05244857001415886,
    1.6029901520237402
  ],
  "std": [
    0.7408838000987482,
    0.9589491629439708,
    0.6169281782088827,
    10.613757251766605
  ]
}